user_id,user_type,signup_date
user_00001,paid,2021-06-16
user_00002,trial,2021-04-09
user_00003,paid,2021-02-28
user_00004,trial,2021-10-13
user_00005,enterprise,2021-05-02
user_00006,trial,2021-09-14
user_00007,trial,2021-05-24
user_00008,trial,2021-09-12
user_00009,trial,2021-04-08
user_00010,paid,2021-07-18
user_00011,trial,2021-06-14
user_00012,trial,2021-10-10
user_00013,paid,2021-10-01
user_00014,paid,2021-04-26
user_00015,trial,2021-02-11
user_00016,paid,2021-10-14
user_00017,enterprise,2021-11-01
user_00018,paid,2021-02-09
user_00019,trial,2021-04-19
user_00020,paid,2021-02-14
user_00021,trial,2021-08-25
user_00022,paid,2021-10-03
user_00023,enterprise,2021-05-20
user_00024,trial,2021-10-10
user_00025,enterprise,2021-06-29
user_00026,enterprise,2021-01-29
user_00027,paid,2021-07-26
user_00028,paid,2021-09-29
user_00029,trial,2021-10-21
user_00030,paid,2021-03-12
user_00031,paid,2021-07-16
user_00032,trial,2021-01-18
user_00033,trial,2021-01-21
user_00034,paid,2021-08-10
user_00035,trial,2021-09-16
user_00036,enterprise,2021-09-08
user_00037,trial,2021-08-30
user_00038,paid,2021-02-18
user_00039,trial,2021-09-29
user_00040,trial,2021-09-06
user_00041,enterprise,2021-08-01
user_00042,paid,2021-02-01
user_00043,paid,2021-03-16
user_00044,paid,2021-01-14
user_00045,paid,2021-05-03
user_00046,trial,2021-08-27
user_00047,trial,2021-07-19
user_00048,enterprise,2021-02-22
user_00049,enterprise,2021-03-11
user_00050,trial,2021-04-18
user_00051,paid,2021-02-14
user_00052,trial,2021-03-18
user_00053,trial,2021-04-30
user_00054,paid,2021-07-14
user_00055,enterprise,2021-10-23
user_00056,paid,2021-08-02
user_00057,paid,2021-05-18
user_00058,paid,2021-02-22
user_00059,paid,2021-08-01
user_00060,trial,2021-05-22
user_00061,trial,2021-04-07
user_00062,trial,2021-09-07
user_00063,trial,2021-01-10
user_00064,paid,2021-01-05
user_00065,trial,2021-02-25
user_00066,paid,2021-02-12
user_00067,paid,2021-03-26
user_00068,trial,2021-07-16
user_00069,trial,2021-09-08
user_00070,paid,2021-07-25
user_00071,trial,2021-08-08
user_00072,paid,2021-05-26
user_00073,enterprise,2021-02-14
user_00074,enterprise,2021-06-15
user_00075,trial,2021-04-10
user_00076,paid,2021-07-08
user_00077,paid,2021-09-02
user_00078,enterprise,2021-09-26
user_00079,trial,2021-10-01
user_00080,trial,2021-05-11
user_00081,trial,2021-10-15
user_00082,paid,2021-06-08
user_00083,enterprise,2021-05-21
user_00084,paid,2021-03-16
user_00085,trial,2021-01-26
user_00086,trial,2021-10-29
user_00087,paid,2021-10-24
user_00088,trial,2021-01-12
user_00089,enterprise,2021-10-28
user_00090,trial,2021-03-07
user_00091,trial,2021-03-24
user_00092,paid,2021-06-25
user_00093,trial,2021-09-22
user_00094,paid,2021-10-26
user_00095,enterprise,2021-02-14
user_00096,enterprise,2021-06-03
user_00097,trial,2021-08-21
user_00098,paid,2021-01-03
user_00099,trial,2021-03-18
user_00100,paid,2021-09-30
user_00101,enterprise,2021-02-09
user_00102,trial,2021-02-26
user_00103,trial,2021-03-06
user_00104,trial,2021-05-14
user_00105,paid,2021-05-11
user_00106,paid,2021-03-31
user_00107,paid,2021-02-14
user_00108,trial,2021-10-09
user_00109,enterprise,2021-07-18
user_00110,paid,2021-02-06
user_00111,trial,2021-09-04
user_00112,trial,2021-10-18
user_00113,paid,2021-06-15
user_00114,trial,2021-04-28
user_00115,trial,2021-10-23
user_00116,trial,2021-10-17
user_00117,trial,2021-10-13
user_00118,paid,2021-07-25
user_00119,paid,2021-04-19
user_00120,paid,2021-06-07
user_00121,paid,2021-06-19
user_00122,trial,2021-08-08
user_00123,trial,2021-09-14
user_00124,trial,2021-04-20
user_00125,trial,2021-04-26
user_00126,enterprise,2021-06-26
user_00127,paid,2021-05-16
user_00128,paid,2021-08-17
user_00129,trial,2021-09-10
user_00130,trial,2021-02-18
user_00131,paid,2021-02-04
user_00132,trial,2021-03-30
user_00133,enterprise,2021-06-01
user_00134,paid,2021-08-10
user_00135,paid,2021-08-05
user_00136,paid,2021-02-22
user_00137,paid,2021-10-05
user_00138,trial,2021-09-08
user_00139,enterprise,2021-03-28
user_00140,trial,2021-10-11
user_00141,trial,2021-05-14
user_00142,trial,2021-11-01
user_00143,trial,2021-05-26
user_00144,trial,2021-08-15
user_00145,paid,2021-01-11
user_00146,paid,2021-07-18
user_00147,trial,2021-07-11
user_00148,paid,2021-02-26
user_00149,trial,2021-03-16
user_00150,trial,2021-03-15
user_00151,trial,2021-09-10
user_00152,paid,2021-06-25
user_00153,trial,2021-02-17
user_00154,enterprise,2021-05-12
user_00155,paid,2021-03-12
user_00156,trial,2021-08-07
user_00157,paid,2021-08-31
user_00158,paid,2021-09-18
user_00159,paid,2021-04-29
user_00160,trial,2021-10-28
user_00161,trial,2021-09-05
user_00162,trial,2021-08-06
user_00163,enterprise,2021-02-16
user_00164,trial,2021-07-03
user_00165,paid,2021-05-23
user_00166,trial,2021-02-09
user_00167,enterprise,2021-09-18
user_00168,trial,2021-04-29
user_00169,paid,2021-01-17
user_00170,paid,2021-10-23
user_00171,enterprise,2021-03-26
user_00172,trial,2021-10-14
user_00173,paid,2021-05-23
user_00174,trial,2021-06-05
user_00175,trial,2021-10-07
user_00176,paid,2021-09-25
user_00177,trial,2021-08-19
user_00178,paid,2021-09-03
user_00179,enterprise,2021-02-28
user_00180,paid,2021-08-18
user_00181,paid,2021-07-30
user_00182,paid,2021-02-19
user_00183,trial,2021-03-04
user_00184,paid,2021-04-30
user_00185,trial,2021-09-17
user_00186,enterprise,2021-05-15
user_00187,trial,2021-09-02
user_00188,trial,2021-06-11
user_00189,trial,2021-01-16
user_00190,trial,2021-10-13
user_00191,trial,2021-01-13
user_00192,trial,2021-02-16
user_00193,enterprise,2021-08-07
user_00194,trial,2021-09-07
user_00195,paid,2021-05-07
user_00196,trial,2021-05-01
user_00197,enterprise,2021-03-01
user_00198,paid,2021-09-08
user_00199,paid,2021-09-12
user_00200,trial,2021-07-24
user_00201,paid,2021-07-29
user_00202,trial,2021-01-16
user_00203,paid,2021-01-26
user_00204,trial,2021-07-07
user_00205,enterprise,2021-09-09
user_00206,trial,2021-08-28
user_00207,paid,2021-05-24
user_00208,trial,2021-10-07
user_00209,trial,2021-08-28
user_00210,trial,2021-07-08
user_00211,paid,2021-04-04
user_00212,trial,2021-03-25
user_00213,enterprise,2021-05-18
user_00214,paid,2021-02-28
user_00215,enterprise,2021-07-08
user_00216,enterprise,2021-09-25
user_00217,trial,2021-03-23
user_00218,trial,2021-08-15
user_00219,trial,2021-05-10
user_00220,paid,2021-03-30
user_00221,paid,2021-10-12
user_00222,paid,2021-09-05
user_00223,enterprise,2021-04-06
user_00224,paid,2021-01-17
user_00225,paid,2021-01-16
user_00226,paid,2021-08-12
user_00227,paid,2021-04-19
user_00228,paid,2021-03-08
user_00229,trial,2021-06-08
user_00230,paid,2021-06-23
user_00231,enterprise,2021-04-22
user_00232,paid,2021-08-27
user_00233,enterprise,2021-10-06
user_00234,trial,2021-07-21
user_00235,trial,2021-01-14
user_00236,trial,2021-10-27
user_00237,trial,2021-06-07
user_00238,trial,2021-08-19
user_00239,trial,2021-03-08
user_00240,trial,2021-09-27
user_00241,trial,2021-09-11
user_00242,paid,2021-06-22
user_00243,paid,2021-09-25
user_00244,trial,2021-08-10
user_00245,trial,2021-07-23
user_00246,enterprise,2021-04-13
user_00247,trial,2021-04-16
user_00248,trial,2021-08-07
user_00249,trial,2021-10-09
user_00250,trial,2021-10-28
user_00251,paid,2021-07-03
user_00252,paid,2021-09-16
user_00253,paid,2021-03-20
user_00254,trial,2021-06-04
user_00255,paid,2021-03-12
user_00256,enterprise,2021-09-30
user_00257,trial,2021-01-01
user_00258,trial,2021-05-18
user_00259,trial,2021-03-16
user_00260,enterprise,2021-04-29
user_00261,paid,2021-08-21
user_00262,paid,2021-07-29
user_00263,enterprise,2021-07-28
user_00264,trial,2021-07-04
user_00265,enterprise,2021-01-21
user_00266,enterprise,2021-03-03
user_00267,trial,2021-01-30
user_00268,paid,2021-02-19
user_00269,enterprise,2021-05-30
user_00270,trial,2021-08-11
user_00271,trial,2021-08-09
user_00272,trial,2021-01-15
user_00273,trial,2021-06-12
user_00274,enterprise,2021-05-29
user_00275,trial,2021-06-06
user_00276,paid,2021-05-23
user_00277,trial,2021-04-14
user_00278,enterprise,2021-01-10
user_00279,paid,2021-09-01
user_00280,trial,2021-06-25
user_00281,enterprise,2021-02-01
user_00282,enterprise,2021-10-19
user_00283,paid,2021-07-13
user_00284,paid,2021-05-02
user_00285,paid,2021-10-12
user_00286,paid,2021-10-25
user_00287,trial,2021-07-20
user_00288,enterprise,2021-09-06
user_00289,trial,2021-07-26
user_00290,trial,2021-06-05
user_00291,trial,2021-01-11
user_00292,paid,2021-04-28
user_00293,trial,2021-05-27
user_00294,enterprise,2021-05-08
user_00295,trial,2021-08-24
user_00296,paid,2021-09-21
user_00297,trial,2021-07-25
user_00298,paid,2021-09-22
user_00299,paid,2021-08-04
user_00300,enterprise,2021-10-23
user_00301,trial,2021-04-08
user_00302,trial,2021-01-28
user_00303,enterprise,2021-02-17
user_00304,paid,2021-05-31
user_00305,trial,2021-06-24
user_00306,trial,2021-08-28
user_00307,paid,2021-04-02
user_00308,trial,2021-03-08
user_00309,paid,2021-07-09
user_00310,trial,2021-02-01
user_00311,trial,2021-03-10
user_00312,trial,2021-07-26
user_00313,trial,2021-10-27
user_00314,paid,2021-09-15
user_00315,paid,2021-08-05
user_00316,trial,2021-04-19
user_00317,paid,2021-03-27
user_00318,trial,2021-07-25
user_00319,trial,2021-03-21
user_00320,paid,2021-06-28
user_00321,trial,2021-05-01
user_00322,trial,2021-01-27
user_00323,enterprise,2021-09-08
user_00324,enterprise,2021-09-22
user_00325,enterprise,2021-08-30
user_00326,trial,2021-10-19
user_00327,trial,2021-09-02
user_00328,trial,2021-01-31
user_00329,trial,2021-10-19
user_00330,paid,2021-09-02
user_00331,enterprise,2021-03-03
user_00332,trial,2021-02-17
user_00333,paid,2021-01-05
user_00334,paid,2021-04-27
user_00335,trial,2021-02-26
user_00336,paid,2021-10-31
user_00337,trial,2021-05-09
user_00338,trial,2021-09-12
user_00339,trial,2021-03-01
user_00340,paid,2021-08-21
user_00341,enterprise,2021-02-28
user_00342,trial,2021-01-23
user_00343,trial,2021-01-04
user_00344,trial,2021-08-26
user_00345,trial,2021-10-06
user_00346,paid,2021-10-20
user_00347,enterprise,2021-06-02
user_00348,paid,2021-09-19
user_00349,trial,2021-02-25
user_00350,paid,2021-01-18
user_00351,paid,2021-03-19
user_00352,trial,2021-03-10
user_00353,paid,2021-09-28
user_00354,paid,2021-10-18
user_00355,trial,2021-03-22
user_00356,enterprise,2021-04-12
user_00357,trial,2021-06-02
user_00358,trial,2021-01-19
user_00359,trial,2021-07-08
user_00360,enterprise,2021-02-22
user_00361,paid,2021-10-29
user_00362,paid,2021-04-29
user_00363,paid,2021-01-18
user_00364,enterprise,2021-07-11
user_00365,trial,2021-04-09
user_00366,paid,2021-06-18
user_00367,trial,2021-06-14
user_00368,enterprise,2021-01-29
user_00369,trial,2021-01-01
user_00370,trial,2021-10-08
user_00371,enterprise,2021-01-22
user_00372,trial,2021-09-07
user_00373,trial,2021-07-15
user_00374,paid,2021-03-29
user_00375,trial,2021-09-08
user_00376,trial,2021-05-12
user_00377,paid,2021-10-14
user_00378,paid,2021-01-20
user_00379,enterprise,2021-07-14
user_00380,paid,2021-02-20
user_00381,enterprise,2021-09-05
user_00382,trial,2021-08-25
user_00383,trial,2021-08-30
user_00384,enterprise,2021-10-04
user_00385,trial,2021-03-10
user_00386,paid,2021-07-24
user_00387,paid,2021-09-28
user_00388,trial,2021-10-02
user_00389,paid,2021-04-01
user_00390,trial,2021-06-07
user_00391,enterprise,2021-03-06
user_00392,paid,2021-06-15
user_00393,trial,2021-08-19
user_00394,trial,2021-10-22
user_00395,paid,2021-01-12
user_00396,trial,2021-05-28
user_00397,paid,2021-04-30
user_00398,paid,2021-08-08
user_00399,paid,2021-09-26
user_00400,paid,2021-09-02
user_00401,trial,2021-04-02
user_00402,paid,2021-03-07
user_00403,trial,2021-06-20
user_00404,trial,2021-08-28
user_00405,enterprise,2021-08-06
user_00406,trial,2021-03-26
user_00407,paid,2021-11-01
user_00408,paid,2021-08-20
user_00409,paid,2021-07-25
user_00410,trial,2021-10-28
user_00411,trial,2021-10-24
user_00412,paid,2021-09-01
user_00413,enterprise,2021-05-30
user_00414,paid,2021-09-18
user_00415,trial,2021-09-12
user_00416,paid,2021-02-04
user_00417,trial,2021-08-01
user_00418,paid,2021-02-20
user_00419,paid,2021-09-17
user_00420,trial,2021-01-20
user_00421,enterprise,2021-03-15
user_00422,trial,2021-05-24
user_00423,paid,2021-02-10
user_00424,trial,2021-02-10
user_00425,trial,2021-04-04
user_00426,paid,2021-05-22
user_00427,paid,2021-03-04
user_00428,trial,2021-07-01
user_00429,paid,2021-07-17
user_00430,enterprise,2021-03-14
user_00431,paid,2021-06-14
user_00432,enterprise,2021-06-16
user_00433,enterprise,2021-08-12
user_00434,paid,2021-09-09
user_00435,trial,2021-08-03
user_00436,trial,2021-06-01
user_00437,enterprise,2021-05-25
user_00438,paid,2021-02-24
user_00439,enterprise,2021-06-16
user_00440,enterprise,2021-05-01
user_00441,trial,2021-03-05
user_00442,trial,2021-02-01
user_00443,enterprise,2021-09-09
user_00444,trial,2021-10-03
user_00445,enterprise,2021-08-18
user_00446,paid,2021-02-19
user_00447,trial,2021-08-21
user_00448,trial,2021-04-26
user_00449,trial,2021-05-25
user_00450,trial,2021-03-04
user_00451,trial,2021-08-06
user_00452,trial,2021-06-29
user_00453,trial,2021-09-13
user_00454,trial,2021-07-28
user_00455,enterprise,2021-03-18
user_00456,paid,2021-06-01
user_00457,paid,2021-02-13
user_00458,paid,2021-01-15
user_00459,paid,2021-01-29
user_00460,enterprise,2021-04-05
user_00461,paid,2021-04-14
user_00462,trial,2021-03-11
user_00463,trial,2021-03-24
user_00464,enterprise,2021-01-01
user_00465,paid,2021-05-29
user_00466,trial,2021-08-09
user_00467,trial,2021-04-26
user_00468,enterprise,2021-01-14
user_00469,trial,2021-02-20
user_00470,trial,2021-04-25
user_00471,paid,2021-03-28
user_00472,paid,2021-01-10
user_00473,paid,2021-05-04
user_00474,trial,2021-01-29
user_00475,trial,2021-07-23
user_00476,paid,2021-04-09
user_00477,paid,2021-07-02
user_00478,paid,2021-02-28
user_00479,paid,2021-08-26
user_00480,trial,2021-10-17
user_00481,trial,2021-02-18
user_00482,trial,2021-01-05
user_00483,trial,2021-07-11
user_00484,trial,2021-05-23
user_00485,trial,2021-07-28
user_00486,trial,2021-09-18
user_00487,trial,2021-10-05
user_00488,paid,2021-09-08
user_00489,enterprise,2021-08-27
user_00490,paid,2021-01-17
user_00491,paid,2021-03-11
user_00492,paid,2021-01-24
user_00493,trial,2021-04-17
user_00494,paid,2021-03-28
user_00495,trial,2021-04-13
user_00496,trial,2021-07-12
user_00497,paid,2021-01-17
user_00498,paid,2021-02-17
user_00499,enterprise,2021-03-15
user_00500,paid,2021-06-22
user_00501,paid,2021-02-10
user_00502,enterprise,2021-03-08
user_00503,paid,2021-01-12
user_00504,trial,2021-04-21
user_00505,paid,2021-04-03
user_00506,paid,2021-05-16
user_00507,trial,2021-07-10
user_00508,paid,2021-10-26
user_00509,trial,2021-02-12
user_00510,trial,2021-09-15
user_00511,enterprise,2021-05-02
user_00512,trial,2021-05-19
user_00513,enterprise,2021-06-20
user_00514,paid,2021-08-21
user_00515,trial,2021-05-09
user_00516,paid,2021-01-05
user_00517,enterprise,2021-05-23
user_00518,paid,2021-01-01
user_00519,trial,2021-04-12
user_00520,trial,2021-07-06
user_00521,paid,2021-02-14
user_00522,trial,2021-06-12
user_00523,paid,2021-05-22
user_00524,paid,2021-08-05
user_00525,enterprise,2021-08-18
user_00526,paid,2021-06-30
user_00527,paid,2021-08-17
user_00528,paid,2021-08-12
user_00529,trial,2021-01-02
user_00530,trial,2021-05-10
user_00531,trial,2021-09-17
user_00532,paid,2021-07-14
user_00533,paid,2021-01-06
user_00534,trial,2021-03-03
user_00535,trial,2021-07-10
user_00536,paid,2021-05-16
user_00537,paid,2021-05-25
user_00538,trial,2021-01-02
user_00539,trial,2021-10-09
user_00540,trial,2021-07-03
user_00541,trial,2021-07-09
user_00542,enterprise,2021-07-09
user_00543,trial,2021-07-25
user_00544,paid,2021-03-09
user_00545,paid,2021-10-07
user_00546,trial,2021-07-16
user_00547,paid,2021-06-18
user_00548,enterprise,2021-10-11
user_00549,paid,2021-03-05
user_00550,paid,2021-03-18
user_00551,paid,2021-02-03
user_00552,paid,2021-05-18
user_00553,trial,2021-05-22
user_00554,paid,2021-05-31
user_00555,trial,2021-04-26
user_00556,trial,2021-02-20
user_00557,paid,2021-08-17
user_00558,paid,2021-08-23
user_00559,paid,2021-08-21
user_00560,trial,2021-10-11
user_00561,trial,2021-05-19
user_00562,trial,2021-10-27
user_00563,enterprise,2021-01-15
user_00564,paid,2021-01-06
user_00565,paid,2021-09-23
user_00566,paid,2021-06-09
user_00567,paid,2021-01-29
user_00568,trial,2021-06-04
user_00569,trial,2021-04-17
user_00570,trial,2021-02-05
user_00571,trial,2021-07-30
user_00572,paid,2021-04-16
user_00573,trial,2021-06-10
user_00574,trial,2021-06-20
user_00575,paid,2021-06-24
user_00576,paid,2021-09-13
user_00577,trial,2021-09-14
user_00578,trial,2021-05-24
user_00579,trial,2021-08-12
user_00580,enterprise,2021-05-06
user_00581,paid,2021-01-17
user_00582,trial,2021-05-14
user_00583,enterprise,2021-08-31
user_00584,trial,2021-01-04
user_00585,trial,2021-03-15
user_00586,trial,2021-05-23
user_00587,trial,2021-01-15
user_00588,trial,2021-04-03
user_00589,trial,2021-08-02
user_00590,paid,2021-05-15
user_00591,paid,2021-01-01
user_00592,paid,2021-08-13
user_00593,trial,2021-03-22
user_00594,trial,2021-04-29
user_00595,paid,2021-08-04
user_00596,paid,2021-06-16
user_00597,enterprise,2021-09-23
user_00598,trial,2021-04-02
user_00599,paid,2021-06-29
user_00600,trial,2021-07-20
user_00601,paid,2021-10-29
user_00602,paid,2021-10-12
user_00603,trial,2021-07-15
user_00604,enterprise,2021-07-03
user_00605,paid,2021-05-22
user_00606,trial,2021-10-25
user_00607,enterprise,2021-06-12
user_00608,trial,2021-02-17
user_00609,trial,2021-03-28
user_00610,paid,2021-08-18
user_00611,enterprise,2021-06-21
user_00612,trial,2021-09-27
user_00613,paid,2021-01-24
user_00614,trial,2021-02-15
user_00615,trial,2021-08-04
user_00616,trial,2021-08-25
user_00617,trial,2021-04-29
user_00618,paid,2021-05-16
user_00619,paid,2021-08-06
user_00620,trial,2021-06-09
user_00621,trial,2021-05-07
user_00622,trial,2021-07-26
user_00623,trial,2021-02-07
user_00624,paid,2021-01-27
user_00625,paid,2021-02-19
user_00626,trial,2021-04-14
user_00627,trial,2021-03-14
user_00628,enterprise,2021-08-26
user_00629,enterprise,2021-06-22
user_00630,paid,2021-02-11
user_00631,enterprise,2021-06-11
user_00632,paid,2021-05-26
user_00633,trial,2021-04-21
user_00634,trial,2021-02-04
user_00635,paid,2021-01-17
user_00636,paid,2021-04-02
user_00637,paid,2021-04-07
user_00638,paid,2021-07-18
user_00639,paid,2021-03-25
user_00640,paid,2021-09-26
user_00641,trial,2021-06-07
user_00642,trial,2021-03-19
user_00643,paid,2021-05-31
user_00644,enterprise,2021-06-20
user_00645,trial,2021-07-22
user_00646,enterprise,2021-10-16
user_00647,trial,2021-03-03
user_00648,trial,2021-03-23
user_00649,trial,2021-06-12
user_00650,paid,2021-01-19
user_00651,trial,2021-03-03
user_00652,paid,2021-05-12
user_00653,trial,2021-06-16
user_00654,trial,2021-03-02
user_00655,paid,2021-09-06
user_00656,trial,2021-09-10
user_00657,enterprise,2021-05-31
user_00658,paid,2021-02-22
user_00659,paid,2021-02-24
user_00660,paid,2021-02-22
user_00661,paid,2021-01-18
user_00662,trial,2021-07-20
user_00663,paid,2021-01-09
user_00664,paid,2021-02-22
user_00665,paid,2021-03-31
user_00666,paid,2021-09-14
user_00667,trial,2021-07-18
user_00668,paid,2021-08-08
user_00669,trial,2021-05-20
user_00670,trial,2021-04-16
user_00671,enterprise,2021-06-19
user_00672,enterprise,2021-02-25
user_00673,paid,2021-10-18
user_00674,trial,2021-03-16
user_00675,trial,2021-08-06
user_00676,paid,2021-01-31
user_00677,paid,2021-01-19
user_00678,paid,2021-04-07
user_00679,paid,2021-10-08
user_00680,enterprise,2021-02-03
user_00681,paid,2021-06-03
user_00682,enterprise,2021-02-26
user_00683,trial,2021-10-28
user_00684,trial,2021-01-26
user_00685,trial,2021-10-28
user_00686,paid,2021-01-03
user_00687,trial,2021-08-07
user_00688,trial,2021-09-02
user_00689,trial,2021-02-14
user_00690,paid,2021-10-27
user_00691,trial,2021-02-13
user_00692,trial,2021-10-02
user_00693,paid,2021-06-29
user_00694,paid,2021-10-07
user_00695,paid,2021-09-03
user_00696,trial,2021-05-20
user_00697,trial,2021-01-27
user_00698,trial,2021-05-01
user_00699,enterprise,2021-02-08
user_00700,trial,2021-09-08
user_00701,enterprise,2021-10-24
user_00702,paid,2021-01-12
user_00703,trial,2021-06-30
user_00704,trial,2021-01-21
user_00705,paid,2021-06-15
user_00706,trial,2021-05-19
user_00707,enterprise,2021-04-16
user_00708,trial,2021-08-06
user_00709,paid,2021-05-05
user_00710,trial,2021-06-07
user_00711,trial,2021-04-21
user_00712,trial,2021-04-12
user_00713,paid,2021-07-06
user_00714,trial,2021-07-14
user_00715,paid,2021-02-21
user_00716,paid,2021-01-24
user_00717,paid,2021-07-02
user_00718,trial,2021-01-31
user_00719,trial,2021-05-02
user_00720,paid,2021-08-31
user_00721,paid,2021-03-23
user_00722,trial,2021-05-19
user_00723,trial,2021-05-26
user_00724,paid,2021-04-11
user_00725,paid,2021-05-09
user_00726,enterprise,2021-07-03
user_00727,trial,2021-05-24
user_00728,paid,2021-07-22
user_00729,paid,2021-04-25
user_00730,trial,2021-04-13
user_00731,trial,2021-10-05
user_00732,paid,2021-01-04
user_00733,paid,2021-05-30
user_00734,enterprise,2021-09-06
user_00735,paid,2021-03-26
user_00736,paid,2021-09-20
user_00737,paid,2021-09-26
user_00738,enterprise,2021-05-14
user_00739,paid,2021-01-09
user_00740,trial,2021-03-08
user_00741,trial,2021-02-21
user_00742,trial,2021-05-22
user_00743,paid,2021-09-17
user_00744,paid,2021-10-02
user_00745,paid,2021-03-22
user_00746,trial,2021-08-12
user_00747,trial,2021-08-26
user_00748,paid,2021-06-04
user_00749,trial,2021-04-14
user_00750,trial,2021-07-27
user_00751,trial,2021-09-27
user_00752,paid,2021-05-20
user_00753,enterprise,2021-07-09
user_00754,enterprise,2021-09-26
user_00755,paid,2021-05-04
user_00756,trial,2021-08-28
user_00757,trial,2021-08-18
user_00758,paid,2021-08-30
user_00759,trial,2021-04-18
user_00760,paid,2021-09-28
user_00761,paid,2021-07-08
user_00762,trial,2021-03-19
user_00763,enterprise,2021-01-19
user_00764,enterprise,2021-04-28
user_00765,trial,2021-05-18
user_00766,trial,2021-05-20
user_00767,paid,2021-10-31
user_00768,paid,2021-07-24
user_00769,trial,2021-04-20
user_00770,trial,2021-03-10
user_00771,trial,2021-02-17
user_00772,paid,2021-01-29
user_00773,trial,2021-10-24
user_00774,paid,2021-08-14
user_00775,trial,2021-08-27
user_00776,paid,2021-03-08
user_00777,trial,2021-02-15
user_00778,paid,2021-10-09
user_00779,trial,2021-09-22
user_00780,paid,2021-08-20
user_00781,paid,2021-10-11
user_00782,trial,2021-05-03
user_00783,trial,2021-01-03
user_00784,enterprise,2021-08-28
user_00785,paid,2021-08-10
user_00786,enterprise,2021-04-15
user_00787,paid,2021-05-21
user_00788,trial,2021-08-07
user_00789,paid,2021-06-19
user_00790,trial,2021-10-25
user_00791,trial,2021-03-02
user_00792,enterprise,2021-03-03
user_00793,paid,2021-06-19
user_00794,trial,2021-05-11
user_00795,paid,2021-10-03
user_00796,paid,2021-04-16
user_00797,trial,2021-03-25
user_00798,enterprise,2021-08-14
user_00799,paid,2021-04-21
user_00800,enterprise,2021-05-27
user_00801,enterprise,2021-03-08
user_00802,paid,2021-01-12
user_00803,enterprise,2021-03-09
user_00804,paid,2021-10-18
user_00805,paid,2021-08-22
user_00806,trial,2021-07-05
user_00807,trial,2021-01-02
user_00808,paid,2021-02-14
user_00809,paid,2021-02-18
user_00810,paid,2021-07-09
user_00811,paid,2021-08-11
user_00812,trial,2021-08-03
user_00813,trial,2021-07-25
user_00814,trial,2021-06-15
user_00815,paid,2021-08-06
user_00816,trial,2021-03-10
user_00817,trial,2021-05-25
user_00818,trial,2021-05-22
user_00819,paid,2021-01-12
user_00820,paid,2021-02-24
user_00821,paid,2021-10-05
user_00822,trial,2021-04-10
user_00823,paid,2021-10-26
user_00824,paid,2021-06-26
user_00825,trial,2021-09-08
user_00826,paid,2021-06-12
user_00827,paid,2021-08-30
user_00828,enterprise,2021-01-22
user_00829,paid,2021-07-22
user_00830,trial,2021-03-14
user_00831,trial,2021-08-28
user_00832,paid,2021-04-05
user_00833,trial,2021-10-25
user_00834,trial,2021-05-10
user_00835,enterprise,2021-09-05
user_00836,trial,2021-07-28
user_00837,paid,2021-05-15
user_00838,paid,2021-05-05
user_00839,paid,2021-05-17
user_00840,enterprise,2021-07-16
user_00841,trial,2021-08-17
user_00842,trial,2021-07-13
user_00843,paid,2021-08-11
user_00844,paid,2021-01-05
user_00845,paid,2021-01-17
user_00846,trial,2021-06-02
user_00847,enterprise,2021-03-07
user_00848,trial,2021-07-15
user_00849,paid,2021-04-08
user_00850,paid,2021-08-05
user_00851,trial,2021-04-04
user_00852,trial,2021-08-01
user_00853,trial,2021-04-15
user_00854,enterprise,2021-07-26
user_00855,trial,2021-08-11
user_00856,trial,2021-05-18
user_00857,paid,2021-03-02
user_00858,enterprise,2021-05-15
user_00859,paid,2021-03-23
user_00860,paid,2021-01-31
user_00861,trial,2021-03-04
user_00862,enterprise,2021-01-06
user_00863,paid,2021-01-01
user_00864,enterprise,2021-03-22
user_00865,trial,2021-05-18
user_00866,paid,2021-09-03
user_00867,trial,2021-01-27
user_00868,paid,2021-06-10
user_00869,paid,2021-06-19
user_00870,paid,2021-03-30
user_00871,paid,2021-09-07
user_00872,enterprise,2021-08-20
user_00873,trial,2021-07-20
user_00874,paid,2021-02-27
user_00875,paid,2021-07-23
user_00876,trial,2021-07-20
user_00877,trial,2021-07-18
user_00878,trial,2021-09-08
user_00879,paid,2021-08-12
user_00880,trial,2021-03-17
user_00881,trial,2021-01-05
user_00882,paid,2021-04-22
user_00883,trial,2021-10-21
user_00884,trial,2021-07-13
user_00885,trial,2021-08-10
user_00886,paid,2021-04-29
user_00887,paid,2021-02-05
user_00888,trial,2021-07-22
user_00889,enterprise,2021-07-07
user_00890,paid,2021-09-25
user_00891,paid,2021-01-28
user_00892,trial,2021-10-28
user_00893,paid,2021-09-18
user_00894,trial,2021-04-19
user_00895,paid,2021-03-12
user_00896,paid,2021-03-24
user_00897,trial,2021-01-26
user_00898,trial,2021-05-16
user_00899,trial,2021-09-21
user_00900,paid,2021-04-20
user_00901,trial,2021-08-24
user_00902,paid,2021-05-05
user_00903,paid,2021-02-14
user_00904,trial,2021-06-25
user_00905,trial,2021-09-24
user_00906,trial,2021-04-13
user_00907,trial,2021-07-05
user_00908,trial,2021-10-18
user_00909,paid,2021-03-22
user_00910,trial,2021-08-10
user_00911,paid,2021-07-07
user_00912,trial,2021-03-14
user_00913,paid,2021-07-23
user_00914,trial,2021-07-19
user_00915,paid,2021-02-14
user_00916,trial,2021-04-25
user_00917,enterprise,2021-02-15
user_00918,trial,2021-04-01
user_00919,trial,2021-08-08
user_00920,enterprise,2021-02-26
user_00921,enterprise,2021-01-15
user_00922,paid,2021-06-04
user_00923,paid,2021-06-14
user_00924,trial,2021-01-27
user_00925,enterprise,2021-01-15
user_00926,enterprise,2021-03-30
user_00927,paid,2021-06-16
user_00928,paid,2021-09-04
user_00929,paid,2021-08-14
user_00930,trial,2021-10-05
user_00931,paid,2021-07-15
user_00932,paid,2021-01-15
user_00933,paid,2021-03-11
user_00934,trial,2021-08-31
user_00935,paid,2021-09-17
user_00936,paid,2021-06-04
user_00937,enterprise,2021-10-29
user_00938,trial,2021-02-12
user_00939,trial,2021-06-01
user_00940,trial,2021-02-26
user_00941,trial,2021-10-20
user_00942,trial,2021-02-16
user_00943,enterprise,2021-08-20
user_00944,paid,2021-03-18
user_00945,trial,2021-02-07
user_00946,paid,2021-02-26
user_00947,trial,2021-03-18
user_00948,paid,2021-09-09
user_00949,enterprise,2021-01-23
user_00950,paid,2021-07-15
user_00951,paid,2021-02-16
user_00952,paid,2021-09-19
user_00953,paid,2021-04-08
user_00954,paid,2021-01-07
user_00955,enterprise,2021-08-13
user_00956,paid,2021-05-18
user_00957,paid,2021-03-01
user_00958,trial,2021-08-17
user_00959,paid,2021-02-17
user_00960,trial,2021-08-11
user_00961,paid,2021-03-30
user_00962,trial,2021-01-04
user_00963,trial,2021-01-04
user_00964,paid,2021-01-13
user_00965,trial,2021-10-27
user_00966,trial,2021-05-01
user_00967,paid,2021-01-09
user_00968,paid,2021-01-03
user_00969,trial,2021-07-07
user_00970,trial,2021-09-26
user_00971,trial,2021-01-31
user_00972,paid,2021-07-12
user_00973,paid,2021-08-12
user_00974,trial,2021-02-06
user_00975,trial,2021-09-26
user_00976,trial,2021-02-23
user_00977,paid,2021-03-06
user_00978,paid,2021-05-05
user_00979,paid,2021-07-24
user_00980,enterprise,2021-06-17
user_00981,paid,2021-07-11
user_00982,paid,2021-06-01
user_00983,trial,2021-04-25
user_00984,paid,2021-03-24
user_00985,trial,2021-10-02
user_00986,paid,2021-02-08
user_00987,paid,2021-10-19
user_00988,trial,2021-09-15
user_00989,trial,2021-07-01
user_00990,trial,2021-01-27
user_00991,paid,2021-03-20
user_00992,paid,2021-09-25
user_00993,paid,2021-10-24
user_00994,trial,2021-04-01
user_00995,trial,2021-01-04
user_00996,paid,2021-03-11
user_00997,enterprise,2021-07-16
user_00998,enterprise,2021-01-01
user_00999,paid,2021-09-09
user_01000,paid,2021-03-11
user_01001,enterprise,2021-09-23
user_01002,paid,2021-04-09
user_01003,paid,2021-08-03
user_01004,trial,2021-08-16
user_01005,paid,2021-10-11
user_01006,paid,2021-07-24
user_01007,enterprise,2021-04-15
user_01008,paid,2021-09-04
user_01009,enterprise,2021-10-15
user_01010,enterprise,2021-07-29
user_01011,trial,2021-03-16
user_01012,trial,2021-02-01
user_01013,paid,2021-04-23
user_01014,trial,2021-06-13
user_01015,paid,2021-06-09
user_01016,enterprise,2021-09-03
user_01017,paid,2021-03-12
user_01018,trial,2021-03-03
user_01019,enterprise,2021-03-13
user_01020,trial,2021-01-20
user_01021,trial,2021-01-18
user_01022,trial,2021-05-27
user_01023,trial,2021-02-23
user_01024,enterprise,2021-03-30
user_01025,trial,2021-07-13
user_01026,trial,2021-06-16
user_01027,trial,2021-10-10
user_01028,enterprise,2021-07-28
user_01029,trial,2021-10-03
user_01030,enterprise,2021-04-26
user_01031,paid,2021-04-30
user_01032,trial,2021-02-18
user_01033,paid,2021-05-05
user_01034,paid,2021-10-18
user_01035,trial,2021-02-26
user_01036,trial,2021-04-05
user_01037,enterprise,2021-10-26
user_01038,paid,2021-04-02
user_01039,trial,2021-04-19
user_01040,enterprise,2021-03-27
user_01041,trial,2021-04-26
user_01042,trial,2021-10-24
user_01043,trial,2021-09-28
user_01044,paid,2021-10-10
user_01045,trial,2021-08-04
user_01046,paid,2021-07-25
user_01047,trial,2021-04-15
user_01048,paid,2021-08-22
user_01049,paid,2021-02-10
user_01050,paid,2021-08-30
user_01051,paid,2021-05-06
user_01052,trial,2021-02-22
user_01053,trial,2021-05-15
user_01054,trial,2021-04-06
user_01055,enterprise,2021-07-03
user_01056,trial,2021-03-24
user_01057,paid,2021-03-30
user_01058,paid,2021-03-02
user_01059,paid,2021-07-22
user_01060,trial,2021-05-11
user_01061,enterprise,2021-02-27
user_01062,paid,2021-04-16
user_01063,paid,2021-10-04
user_01064,enterprise,2021-06-23
user_01065,paid,2021-10-23
user_01066,paid,2021-03-03
user_01067,paid,2021-04-17
user_01068,trial,2021-09-08
user_01069,trial,2021-08-20
user_01070,trial,2021-03-25
user_01071,trial,2021-09-06
user_01072,paid,2021-06-20
user_01073,paid,2021-04-25
user_01074,enterprise,2021-05-04
user_01075,trial,2021-02-27
user_01076,paid,2021-04-05
user_01077,trial,2021-08-18
user_01078,trial,2021-07-26
user_01079,paid,2021-09-05
user_01080,trial,2021-09-29
user_01081,trial,2021-02-22
user_01082,paid,2021-03-12
user_01083,paid,2021-02-20
user_01084,trial,2021-04-05
user_01085,paid,2021-01-22
user_01086,paid,2021-05-13
user_01087,paid,2021-03-09
user_01088,trial,2021-08-09
user_01089,paid,2021-09-15
user_01090,trial,2021-03-12
user_01091,paid,2021-04-19
user_01092,trial,2021-05-13
user_01093,trial,2021-07-27
user_01094,trial,2021-05-14
user_01095,trial,2021-09-12
user_01096,enterprise,2021-07-06
user_01097,paid,2021-03-17
user_01098,enterprise,2021-03-13
user_01099,paid,2021-05-14
user_01100,enterprise,2021-03-22
user_01101,trial,2021-03-28
user_01102,paid,2021-06-15
user_01103,trial,2021-06-16
user_01104,trial,2021-05-24
user_01105,trial,2021-03-01
user_01106,paid,2021-02-01
user_01107,trial,2021-03-17
user_01108,paid,2021-04-05
user_01109,trial,2021-01-09
user_01110,enterprise,2021-09-03
user_01111,trial,2021-10-23
user_01112,paid,2021-04-18
user_01113,paid,2021-07-22
user_01114,paid,2021-09-14
user_01115,trial,2021-06-12
user_01116,trial,2021-03-31
user_01117,trial,2021-03-27
user_01118,trial,2021-07-16
user_01119,paid,2021-08-31
user_01120,trial,2021-05-31
user_01121,trial,2021-10-02
user_01122,paid,2021-08-29
user_01123,trial,2021-07-23
user_01124,trial,2021-09-09
user_01125,enterprise,2021-02-27
user_01126,paid,2021-08-14
user_01127,paid,2021-09-09
user_01128,trial,2021-05-05
user_01129,enterprise,2021-09-05
user_01130,enterprise,2021-09-14
user_01131,trial,2021-07-22
user_01132,enterprise,2021-07-21
user_01133,paid,2021-01-26
user_01134,paid,2021-06-25
user_01135,enterprise,2021-06-25
user_01136,trial,2021-06-09
user_01137,trial,2021-01-06
user_01138,enterprise,2021-07-19
user_01139,paid,2021-04-14
user_01140,paid,2021-02-07
user_01141,paid,2021-01-09
user_01142,trial,2021-10-14
user_01143,trial,2021-09-19
user_01144,trial,2021-01-22
user_01145,paid,2021-05-02
user_01146,trial,2021-06-12
user_01147,enterprise,2021-05-10
user_01148,trial,2021-08-23
user_01149,trial,2021-08-01
user_01150,trial,2021-02-27
user_01151,paid,2021-05-04
user_01152,trial,2021-08-24
user_01153,trial,2021-05-23
user_01154,paid,2021-06-26
user_01155,trial,2021-09-29
user_01156,trial,2021-03-18
user_01157,trial,2021-10-03
user_01158,paid,2021-05-24
user_01159,trial,2021-04-29
user_01160,trial,2021-08-21
user_01161,paid,2021-09-17
user_01162,paid,2021-02-18
user_01163,trial,2021-01-27
user_01164,trial,2021-08-07
user_01165,paid,2021-03-06
user_01166,paid,2021-05-22
user_01167,paid,2021-09-02
user_01168,trial,2021-04-18
user_01169,paid,2021-01-06
user_01170,paid,2021-03-28
user_01171,trial,2021-03-15
user_01172,enterprise,2021-08-21
user_01173,enterprise,2021-10-13
user_01174,trial,2021-04-01
user_01175,paid,2021-09-08
user_01176,paid,2021-05-13
user_01177,paid,2021-10-19
user_01178,paid,2021-01-17
user_01179,paid,2021-02-12
user_01180,paid,2021-06-05
user_01181,enterprise,2021-10-31
user_01182,trial,2021-08-22
user_01183,trial,2021-02-11
user_01184,trial,2021-05-18
user_01185,enterprise,2021-03-23
user_01186,paid,2021-07-18
user_01187,trial,2021-01-09
user_01188,trial,2021-01-23
user_01189,trial,2021-04-04
user_01190,trial,2021-01-15
user_01191,trial,2021-04-28
user_01192,paid,2021-02-05
user_01193,enterprise,2021-05-06
user_01194,trial,2021-05-27
user_01195,trial,2021-06-05
user_01196,trial,2021-03-26
user_01197,trial,2021-09-11
user_01198,trial,2021-06-23
user_01199,trial,2021-06-09
user_01200,trial,2021-08-04
user_01201,paid,2021-08-12
user_01202,enterprise,2021-10-28
user_01203,paid,2021-08-26
user_01204,trial,2021-10-22
user_01205,trial,2021-03-13
user_01206,trial,2021-03-30
user_01207,paid,2021-10-16
user_01208,trial,2021-09-20
user_01209,paid,2021-02-12
user_01210,paid,2021-07-20
user_01211,enterprise,2021-04-28
user_01212,enterprise,2021-05-22
user_01213,trial,2021-05-13
user_01214,trial,2021-05-06
user_01215,enterprise,2021-03-21
user_01216,trial,2021-07-01
user_01217,paid,2021-04-22
user_01218,paid,2021-10-07
user_01219,enterprise,2021-06-24
user_01220,trial,2021-10-15
user_01221,trial,2021-06-19
user_01222,paid,2021-06-04
user_01223,enterprise,2021-05-10
user_01224,paid,2021-08-04
user_01225,trial,2021-05-01
user_01226,enterprise,2021-09-15
user_01227,trial,2021-10-08
user_01228,trial,2021-09-16
user_01229,enterprise,2021-08-08
user_01230,paid,2021-08-21
user_01231,paid,2021-01-21
user_01232,paid,2021-01-26
user_01233,paid,2021-05-20
user_01234,trial,2021-09-25
user_01235,trial,2021-03-25
user_01236,paid,2021-04-10
user_01237,paid,2021-10-11
user_01238,enterprise,2021-05-07
user_01239,paid,2021-07-25
user_01240,trial,2021-08-14
user_01241,paid,2021-03-31
user_01242,trial,2021-05-19
user_01243,trial,2021-06-24
user_01244,paid,2021-02-13
user_01245,paid,2021-07-01
user_01246,trial,2021-08-30
user_01247,trial,2021-08-25
user_01248,paid,2021-03-03
user_01249,trial,2021-03-13
user_01250,trial,2021-08-21
user_01251,paid,2021-10-31
user_01252,trial,2021-04-24
user_01253,trial,2021-06-09
user_01254,trial,2021-03-30
user_01255,trial,2021-07-24
user_01256,paid,2021-07-20
user_01257,trial,2021-06-14
user_01258,trial,2021-05-23
user_01259,paid,2021-02-13
user_01260,trial,2021-03-12
user_01261,trial,2021-08-12
user_01262,trial,2021-05-31
user_01263,trial,2021-09-22
user_01264,trial,2021-07-07
user_01265,paid,2021-03-18
user_01266,paid,2021-04-09
user_01267,paid,2021-05-10
user_01268,trial,2021-08-07
user_01269,paid,2021-03-19
user_01270,trial,2021-01-16
user_01271,paid,2021-01-17
user_01272,trial,2021-08-03
user_01273,enterprise,2021-07-17
user_01274,trial,2021-03-30
user_01275,paid,2021-08-23
user_01276,paid,2021-10-21
user_01277,trial,2021-10-05
user_01278,trial,2021-04-17
user_01279,paid,2021-08-07
user_01280,trial,2021-06-14
user_01281,enterprise,2021-05-15
user_01282,paid,2021-10-06
user_01283,paid,2021-07-25
user_01284,paid,2021-03-17
user_01285,paid,2021-10-26
user_01286,trial,2021-01-22
user_01287,trial,2021-05-31
user_01288,trial,2021-09-12
user_01289,paid,2021-09-05
user_01290,paid,2021-03-04
user_01291,trial,2021-08-10
user_01292,paid,2021-09-24
user_01293,trial,2021-01-08
user_01294,paid,2021-08-07
user_01295,paid,2021-07-03
user_01296,enterprise,2021-10-10
user_01297,paid,2021-02-08
user_01298,trial,2021-06-05
user_01299,trial,2021-07-14
user_01300,enterprise,2021-06-27
user_01301,paid,2021-02-23
user_01302,enterprise,2021-05-25
user_01303,trial,2021-01-01
user_01304,trial,2021-07-31
user_01305,trial,2021-02-10
user_01306,trial,2021-02-12
user_01307,trial,2021-08-30
user_01308,trial,2021-04-06
user_01309,enterprise,2021-10-21
user_01310,enterprise,2021-03-24
user_01311,trial,2021-05-16
user_01312,paid,2021-10-01
user_01313,trial,2021-06-03
user_01314,enterprise,2021-01-10
user_01315,paid,2021-01-30
user_01316,trial,2021-09-25
user_01317,paid,2021-04-27
user_01318,paid,2021-03-01
user_01319,paid,2021-09-02
user_01320,trial,2021-01-31
user_01321,paid,2021-05-19
user_01322,paid,2021-01-16
user_01323,paid,2021-02-06
user_01324,trial,2021-10-21
user_01325,paid,2021-08-10
user_01326,paid,2021-01-17
user_01327,trial,2021-01-21
user_01328,paid,2021-04-20
user_01329,trial,2021-03-27
user_01330,trial,2021-09-20
user_01331,paid,2021-07-13
user_01332,paid,2021-03-27
user_01333,paid,2021-03-03
user_01334,trial,2021-03-12
user_01335,paid,2021-09-29
user_01336,enterprise,2021-04-16
user_01337,trial,2021-04-21
user_01338,paid,2021-01-07
user_01339,paid,2021-05-31
user_01340,enterprise,2021-09-10
user_01341,trial,2021-05-31
user_01342,trial,2021-06-20
user_01343,paid,2021-10-22
user_01344,trial,2021-09-09
user_01345,enterprise,2021-07-16
user_01346,paid,2021-09-23
user_01347,paid,2021-05-18
user_01348,trial,2021-06-01
user_01349,paid,2021-02-24
user_01350,paid,2021-09-26
user_01351,paid,2021-03-06
user_01352,enterprise,2021-09-30
user_01353,trial,2021-07-23
user_01354,enterprise,2021-10-07
user_01355,trial,2021-05-05
user_01356,trial,2021-07-28
user_01357,enterprise,2021-01-29
user_01358,trial,2021-10-12
user_01359,trial,2021-10-16
user_01360,trial,2021-03-25
user_01361,trial,2021-02-28
user_01362,trial,2021-02-19
user_01363,trial,2021-07-20
user_01364,trial,2021-06-24
user_01365,trial,2021-09-25
user_01366,trial,2021-02-11
user_01367,enterprise,2021-06-20
user_01368,trial,2021-02-27
user_01369,trial,2021-01-30
user_01370,trial,2021-02-11
user_01371,enterprise,2021-04-06
user_01372,trial,2021-04-08
user_01373,enterprise,2021-04-24
user_01374,trial,2021-06-15
user_01375,enterprise,2021-01-11
user_01376,paid,2021-03-31
user_01377,trial,2021-08-03
user_01378,paid,2021-07-27
user_01379,paid,2021-09-26
user_01380,paid,2021-04-04
user_01381,paid,2021-10-17
user_01382,paid,2021-08-24
user_01383,enterprise,2021-06-03
user_01384,trial,2021-04-01
user_01385,paid,2021-03-22
user_01386,trial,2021-09-28
user_01387,trial,2021-06-23
user_01388,enterprise,2021-09-12
user_01389,paid,2021-06-11
user_01390,trial,2021-05-17
user_01391,enterprise,2021-07-03
user_01392,trial,2021-08-23
user_01393,trial,2021-08-01
user_01394,paid,2021-09-19
user_01395,enterprise,2021-06-27
user_01396,enterprise,2021-07-18
user_01397,paid,2021-02-25
user_01398,paid,2021-08-15
user_01399,paid,2021-05-15
user_01400,trial,2021-05-05
user_01401,enterprise,2021-01-02
user_01402,trial,2021-03-21
user_01403,trial,2021-07-18
user_01404,paid,2021-01-22
user_01405,paid,2021-08-12
user_01406,paid,2021-06-12
user_01407,paid,2021-05-27
user_01408,trial,2021-01-08
user_01409,paid,2021-03-15
user_01410,paid,2021-05-12
user_01411,enterprise,2021-01-17
user_01412,trial,2021-05-22
user_01413,paid,2021-09-30
user_01414,trial,2021-05-14
user_01415,paid,2021-07-07
user_01416,enterprise,2021-07-06
user_01417,paid,2021-03-02
user_01418,paid,2021-05-20
user_01419,paid,2021-10-04
user_01420,enterprise,2021-08-18
user_01421,paid,2021-09-19
user_01422,trial,2021-08-07
user_01423,enterprise,2021-05-01
user_01424,trial,2021-03-05
user_01425,trial,2021-04-13
user_01426,trial,2021-02-22
user_01427,trial,2021-05-28
user_01428,enterprise,2021-06-04
user_01429,trial,2021-08-24
user_01430,trial,2021-09-29
user_01431,paid,2021-09-06
user_01432,paid,2021-07-29
user_01433,paid,2021-04-18
user_01434,paid,2021-08-03
user_01435,trial,2021-01-27
user_01436,paid,2021-10-18
user_01437,enterprise,2021-06-05
user_01438,trial,2021-05-17
user_01439,enterprise,2021-03-06
user_01440,trial,2021-06-04
user_01441,trial,2021-10-03
user_01442,enterprise,2021-10-02
user_01443,enterprise,2021-10-16
user_01444,trial,2021-05-15
user_01445,trial,2021-10-14
user_01446,trial,2021-02-06
user_01447,trial,2021-03-23
user_01448,trial,2021-06-09
user_01449,trial,2021-01-11
user_01450,enterprise,2021-11-01
user_01451,paid,2021-07-22
user_01452,enterprise,2021-09-26
user_01453,enterprise,2021-07-02
user_01454,paid,2021-08-02
user_01455,paid,2021-01-26
user_01456,enterprise,2021-03-24
user_01457,paid,2021-07-29
user_01458,trial,2021-04-18
user_01459,paid,2021-04-30
user_01460,trial,2021-08-30
user_01461,enterprise,2021-04-16
user_01462,enterprise,2021-09-23
user_01463,trial,2021-09-30
user_01464,trial,2021-02-05
user_01465,paid,2021-08-27
user_01466,paid,2021-03-13
user_01467,paid,2021-05-22
user_01468,paid,2021-02-27
user_01469,enterprise,2021-01-02
user_01470,enterprise,2021-03-22
user_01471,trial,2021-04-14
user_01472,paid,2021-10-19
user_01473,trial,2021-07-22
user_01474,paid,2021-03-26
user_01475,paid,2021-06-27
user_01476,trial,2021-04-21
user_01477,paid,2021-07-29
user_01478,paid,2021-07-16
user_01479,trial,2021-03-16
user_01480,trial,2021-10-08
user_01481,enterprise,2021-10-25
user_01482,trial,2021-08-16
user_01483,trial,2021-07-13
user_01484,paid,2021-01-08
user_01485,enterprise,2021-04-10
user_01486,trial,2021-09-11
user_01487,trial,2021-02-14
user_01488,paid,2021-06-26
user_01489,paid,2021-07-31
user_01490,paid,2021-09-12
user_01491,paid,2021-01-22
user_01492,trial,2021-07-20
user_01493,enterprise,2021-09-27
user_01494,trial,2021-05-08
user_01495,paid,2021-10-17
user_01496,trial,2021-07-25
user_01497,trial,2021-07-30
user_01498,paid,2021-04-01
user_01499,paid,2021-01-05
user_01500,paid,2021-03-23
